Transaction ID,Date,Customer ID,Gender,Age,Product Category,Quantity,Price per Unit,Total Amount
1,2023-11-24,1,M,34,Beauty,3,50.0,150.0
2,2023-02-27,2,F,26,Clothing,2,500.0,1000.0
3,2023-01-13,3,M,50,Electronics,1,30.0,30.0
4,2023-05-21,4,M,37,Clothing,1,500.0,500.0
5,2023-05-06,5,M,30,Beauty,2,50.0,100.0
6,2023-04-25,6,F,45,Beauty,1,30.0,30.0
7,2023-03-13,7,M,46,Clothing,2,25.0,50.0
8,2023-02-22,8,M,30,Electronics,4,25.0,100.0
9,2023-12-13,9,M,63,Electronics,2,300.0,600.0
10,2023-10-07,10,F,52,Clothing,4,50.0,200.0
11,2023-02-14,11,M,23,Clothing,2,50.0,100.0
12,2023-10-30,12,M,35,Beauty,3,25.0,75.0
13,2023-08-05,13,M,22,Electronics,3,500.0,1500.0
14,2023-01-17,14,M,64,Clothing,4,30.0,120.0
15,2023-01-16,15,F,42,Electronics,4,500.0,2000.0
16,2023-02-17,16,M,19,Clothing,3,500.0,1500.0
17,2023-04-22,17,F,27,Clothing,4,25.0,100.0
18,2023-04-30,18,F,47,Electronics,2,25.0,50.0
19,2023-09-16,19,F,62,Clothing,2,25.0,50.0
20,2023-11-05,20,M,22,Clothing,3,300.0,900.0
21,2023-01-14,21,F,50,Beauty,1,500.0,500.0
22,2023-10-15,22,M,18,Clothing,2,50.0,100.0
23,2023-04-12,23,F,35,Clothing,4,30.0,120.0
24,2023-11-29,24,F,49,Clothing,1,300.0,300.0
25,2023-12-26,25,F,64,Beauty,1,50.0,50.0
26,2023-10-07,26,F,28,Electronics,2,500.0,1000.0
27,2023-08-03,27,F,38,Beauty,2,25.0,50.0
28,2023-04-23,28,F,43,Beauty,1,500.0,500.0
29,2023-08-18,29,F,42,Electronics,1,30.0,30.0
30,2023-10-29,30,F,39,Beauty,3,300.0,900.0
31,2023-05-23,31,M,44,Electronics,4,300.0,1200.0
32,2023-01-04,32,M,30,Beauty,3,30.0,90.0
33,2023-03-23,33,F,50,Electronics,2,50.0,100.0
34,2023-12-24,34,F,51,Clothing,3,50.0,150.0
35,2023-08-05,35,F,58,Beauty,3,300.0,900.0
36,2023-06-24,36,M,52,Beauty,3,300.0,900.0
37,2023-05-23,37,F,18,Beauty,3,25.0,75.0
38,2023-03-21,38,M,38,Beauty,4,50.0,200.0
39,2023-04-21,39,M,23,Clothing,4,30.0,120.0
40,2023-06-22,40,M,45,Beauty,1,50.0,50.0
41,2023-02-22,41,M,34,Clothing,2,25.0,50.0
42,2023-02-17,42,M,22,Clothing,3,300.0,900.0
43,2023-07-14,43,F,48,Clothing,1,300.0,300.0
44,2023-02-19,44,F,22,Clothing,1,25.0,25.0
45,2023-07-03,45,F,55,Electronics,1,30.0,30.0
46,2023-06-26,46,F,20,Electronics,4,300.0,1200.0
47,2023-11-06,47,F,40,Beauty,3,500.0,1500.0
48,2023-05-16,48,M,54,Electronics,3,300.0,900.0
49,2023-01-23,49,F,54,Electronics,2,500.0,1000.0
50,2023-08-24,50,F,27,Beauty,3,25.0,75.0
51,2023-10-02,51,M,27,Beauty,3,25.0,75.0
52,2023-03-05,52,F,36,Beauty,1,300.0,300.0
53,2023-07-13,53,M,34,Electronics,2,50.0,100.0
54,2023-02-10,54,F,38,Electronics,3,500.0,1500.0
55,2023-10-10,55,M,31,Beauty,4,30.0,120.0
56,2023-05-31,56,F,26,Clothing,3,300.0,900.0
57,2023-11-18,57,F,63,Beauty,1,30.0,30.0
58,2023-11-13,58,M,18,Clothing,4,300.0,1200.0
59,2023-07-05,59,M,62,Clothing,1,50.0,50.0
60,2023-10-23,60,M,30,Beauty,3,50.0,150.0
61,2023-04-09,61,M,21,Beauty,4,50.0,200.0
62,2023-12-27,62,M,18,Beauty,2,50.0,100.0
63,2023-02-05,63,M,57,Electronics,2,25.0,50.0
64,2023-01-24,64,M,49,Clothing,4,25.0,100.0
65,2023-12-05,65,M,51,Electronics,4,500.0,2000.0
66,2023-04-27,66,F,45,Electronics,1,30.0,30.0
67,2023-05-29,67,F,48,Beauty,4,300.0,1200.0
68,2023-02-10,68,M,25,Electronics,1,300.0,300.0
69,2023-04-30,69,F,56,Beauty,3,25.0,75.0
70,2023-02-21,70,F,43,Clothing,1,300.0,300.0
71,2023-07-14,71,F,51,Beauty,4,25.0,100.0
72,2023-05-23,72,F,20,Electronics,4,500.0,2000.0
73,2023-08-21,73,M,29,Electronics,3,30.0,90.0
74,2023-11-22,74,F,18,Beauty,4,500.0,2000.0
75,2023-07-06,75,M,61,Beauty,4,50.0,200.0
76,2023-03-25,76,F,22,Electronics,2,50.0,100.0
77,2023-07-09,77,F,47,Clothing,2,50.0,100.0
78,2023-07-01,78,F,47,Clothing,3,500.0,1500.0
79,2023-04-18,79,M,34,Beauty,1,300.0,300.0
80,2023-12-10,80,F,64,Clothing,2,30.0,60.0
81,2023-05-17,81,M,40,Electronics,1,50.0,50.0
82,2023-12-26,82,F,32,Beauty,4,50.0,200.0
83,2023-12-16,83,M,54,Electronics,2,50.0,100.0
84,2023-11-28,84,F,38,Electronics,3,30.0,90.0
85,2023-02-06,85,M,31,Clothing,3,50.0,150.0
86,2023-11-08,86,M,19,Beauty,3,30.0,90.0
87,2023-11-22,87,F,28,Beauty,2,50.0,100.0
88,2023-03-29,88,M,56,Clothing,1,500.0,500.0
89,2023-10-01,89,F,55,Electronics,4,500.0,2000.0
90,2023-05-06,90,F,51,Electronics,1,30.0,30.0
91,2023-03-25,91,F,55,Electronics,1,500.0,500.0
92,2023-08-25,92,F,51,Electronics,4,30.0,120.0
93,2023-07-14,93,F,35,Beauty,4,500.0,2000.0
94,2023-05-19,94,F,47,Beauty,2,500.0,1000.0
95,2023-11-24,95,F,32,Clothing,2,30.0,60.0
96,2023-12-19,96,F,44,Clothing,2,300.0,600.0
97,2023-10-13,97,F,51,Beauty,2,500.0,1000.0
98,2023-04-23,98,F,55,Beauty,2,50.0,100.0
99,2023-12-17,99,F,50,Electronics,4,300.0,1200.0
100,2023-06-16,100,M,41,Electronics,1,30.0,30.0
101,2023-01-29,101,M,32,Clothing,2,300.0,600.0
102,2023-04-28,102,F,47,Beauty,2,25.0,50.0
103,2023-01-17,103,F,59,Clothing,1,25.0,25.0
104,2023-06-11,104,F,34,Beauty,2,500.0,1000.0
105,2023-07-25,105,F,22,Electronics,1,500.0,500.0
106,2023-05-18,106,F,46,Clothing,1,50.0,50.0
107,2023-02-03,107,F,21,Clothing,4,300.0,1200.0
108,2023-04-19,108,F,27,Beauty,3,25.0,75.0
109,2023-10-18,109,F,34,Electronics,4,500.0,2000.0
110,2023-06-11,110,M,27,Clothing,3,300.0,900.0
111,2023-04-19,111,F,34,Electronics,3,500.0,1500.0
112,2023-12-02,112,M,37,Clothing,3,500.0,1500.0
113,2023-09-13,113,F,41,Electronics,2,25.0,50.0
114,2023-07-22,114,F,22,Beauty,4,25.0,100.0
115,2023-11-26,115,M,51,Clothing,3,500.0,1500.0
116,2023-08-23,116,F,23,Clothing,1,30.0,30.0
117,2023-03-15,117,M,19,Electronics,2,500.0,1000.0
118,2023-05-16,118,F,30,Electronics,4,500.0,2000.0
119,2023-03-13,119,F,60,Clothing,3,50.0,150.0
120,2023-05-07,120,M,60,Beauty,1,50.0,50.0
121,2023-10-15,121,F,28,Electronics,4,50.0,200.0
122,2023-10-03,122,M,64,Electronics,4,30.0,120.0
123,2023-05-15,123,F,40,Electronics,2,30.0,60.0
124,2023-10-27,124,M,33,Clothing,4,500.0,2000.0
125,2023-08-08,125,M,48,Clothing,2,50.0,100.0
126,2023-10-26,126,F,28,Clothing,3,30.0,90.0
127,2023-07-24,127,F,33,Clothing,2,25.0,50.0
128,2023-07-05,128,M,25,Beauty,1,500.0,500.0
129,2023-04-23,129,F,21,Beauty,2,300.0,600.0
130,2023-03-12,130,F,57,Clothing,1,500.0,500.0
131,2023-09-18,131,F,21,Beauty,2,300.0,600.0
132,2023-09-10,132,M,42,Electronics,4,50.0,200.0
133,2023-02-16,133,M,20,Electronics,3,300.0,900.0
134,2023-01-25,134,M,49,Electronics,1,50.0,50.0
135,2023-02-26,135,M,20,Clothing,2,25.0,50.0
136,2023-03-20,136,M,44,Electronics,2,300.0,600.0
137,2023-11-18,137,M,46,Beauty,2,500.0,1000.0
138,2023-03-23,138,M,49,Clothing,4,50.0,200.0
139,2023-12-15,139,M,36,Beauty,4,500.0,2000.0
140,2023-08-05,140,M,38,Electronics,1,30.0,30.0
141,2023-11-02,141,F,22,Electronics,1,50.0,50.0
142,2023-02-02,142,M,35,Electronics,4,300.0,1200.0
143,2023-07-17,143,F,45,Clothing,1,50.0,50.0
144,2023-07-15,144,F,59,Beauty,3,500.0,1500.0
145,2023-11-02,145,F,39,Clothing,3,25.0,75.0
146,2023-08-28,146,M,38,Clothing,4,50.0,200.0
147,2023-09-28,147,M,23,Electronics,1,300.0,300.0
148,2023-05-09,148,M,18,Clothing,2,30.0,60.0
149,2023-10-11,149,M,22,Clothing,3,25.0,75.0
150,2023-01-06,150,F,58,Electronics,4,30.0,120.0
151,2023-12-15,151,M,29,Clothing,1,50.0,50.0
152,2023-02-28,152,M,43,Electronics,4,500.0,2000.0
153,2023-12-16,153,M,63,Electronics,2,500.0,1000.0
154,2023-10-02,154,M,51,Electronics,3,300.0,900.0
155,2023-05-17,155,M,31,Electronics,4,500.0,2000.0
156,2023-11-25,156,F,43,Clothing,4,25.0,100.0
157,2023-06-24,157,M,62,Electronics,4,500.0,2000.0
158,2023-02-27,158,F,44,Electronics,2,300.0,600.0
159,2023-05-31,159,M,26,Clothing,4,50.0,200.0
160,2023-08-11,160,F,43,Clothing,2,50.0,100.0
161,2023-03-22,161,M,64,Beauty,2,500.0,1000.0
162,2023-08-21,162,M,39,Clothing,2,30.0,60.0
163,2023-01-02,163,F,64,Clothing,3,50.0,150.0
164,2023-05-15,164,F,47,Beauty,3,500.0,1500.0
165,2023-09-14,165,F,60,Clothing,4,300.0,1200.0
166,2023-04-02,166,M,34,Clothing,4,500.0,2000.0
167,2023-09-17,167,F,43,Clothing,3,50.0,150.0
168,2023-02-24,168,M,53,Clothing,1,300.0,300.0
169,2023-11-17,169,M,18,Beauty,3,500.0,1500.0
170,2023-06-02,170,F,25,Clothing,2,25.0,50.0
171,2023-11-24,171,F,52,Clothing,3,300.0,900.0
172,2023-09-17,172,M,32,Beauty,2,25.0,50.0
173,2023-11-08,173,M,64,Electronics,4,30.0,120.0
174,2023-04-12,174,F,39,Beauty,1,300.0,300.0
175,2023-03-20,175,F,31,Electronics,4,25.0,100.0
176,2023-07-11,176,F,43,Beauty,2,50.0,100.0
177,2023-03-24,177,M,45,Beauty,2,50.0,100.0
178,2023-10-04,178,M,40,Clothing,2,30.0,60.0
179,2023-09-29,179,M,31,Electronics,1,300.0,300.0
180,2023-01-01,180,M,41,Clothing,3,300.0,900.0
181,2023-11-03,181,M,19,Electronics,4,300.0,1200.0
182,2023-06-15,182,M,62,Beauty,4,30.0,120.0
183,2023-09-08,183,F,43,Beauty,3,300.0,900.0
184,2023-01-10,184,M,31,Electronics,4,50.0,200.0
185,2023-02-27,185,M,24,Clothing,1,25.0,25.0
186,2023-07-05,186,M,20,Clothing,4,50.0,200.0
187,2023-06-07,187,F,64,Clothing,2,50.0,100.0
188,2023-05-03,188,M,40,Clothing,3,25.0,75.0
189,2023-01-30,189,M,63,Beauty,1,50.0,50.0
190,2023-05-04,190,F,60,Beauty,3,30.0,90.0
191,2023-10-18,191,M,64,Beauty,1,25.0,25.0
192,2023-02-10,192,M,62,Beauty,2,50.0,100.0
193,2023-02-13,193,M,35,Beauty,3,500.0,1500.0
194,2023-09-06,194,M,55,Clothing,4,50.0,200.0
195,2023-02-05,195,M,52,Clothing,1,30.0,30.0
196,2023-09-30,196,F,32,Clothing,3,300.0,900.0
197,2023-03-06,197,F,42,Clothing,4,50.0,200.0
198,2023-03-07,198,F,54,Beauty,3,300.0,900.0
199,2023-12-04,199,M,45,Beauty,3,500.0,1500.0
200,2023-09-01,200,M,27,Beauty,3,50.0,150.0
201,2023-10-09,201,M,56,Electronics,1,25.0,25.0
202,2023-03-26,202,F,34,Clothing,4,300.0,1200.0
203,2023-05-16,203,M,56,Clothing,2,500.0,1000.0
204,2023-09-28,204,M,39,Beauty,1,25.0,25.0
205,2023-11-07,205,F,43,Clothing,1,25.0,25.0
206,2023-08-05,206,M,61,Clothing,1,25.0,25.0
207,2023-04-19,207,F,42,Beauty,2,25.0,50.0
208,2023-10-04,208,F,34,Electronics,4,50.0,200.0
209,2023-12-20,209,F,30,Electronics,4,50.0,200.0
210,2023-04-13,210,M,37,Electronics,4,50.0,200.0
211,2024-01-01,211,M,42,Beauty,3,500.0,1500.0
212,2023-06-09,212,M,21,Clothing,3,500.0,1500.0
213,2023-07-24,213,M,27,Beauty,3,500.0,1500.0
214,2023-12-10,214,M,20,Beauty,2,30.0,60.0
215,2023-11-29,215,M,58,Clothing,3,500.0,1500.0
216,2023-07-11,216,M,62,Electronics,2,50.0,100.0
217,2023-08-13,217,F,35,Electronics,4,50.0,200.0
218,2023-09-22,218,M,64,Beauty,3,30.0,90.0
219,2023-08-20,219,F,53,Electronics,3,30.0,90.0
220,2023-03-03,220,M,64,Beauty,1,500.0,500.0
221,2023-05-07,221,M,39,Beauty,2,300.0,600.0
222,2023-04-26,222,M,51,Clothing,4,30.0,120.0
223,2023-02-02,223,F,64,Clothing,1,25.0,25.0
224,2023-06-23,224,F,25,Clothing,1,50.0,50.0
225,2023-01-11,225,F,57,Beauty,4,25.0,100.0
226,2023-10-29,226,F,61,Clothing,1,50.0,50.0
227,2023-10-11,227,M,36,Electronics,2,50.0,100.0
228,2023-04-28,228,F,59,Electronics,2,30.0,60.0
229,2023-10-29,229,M,58,Beauty,3,30.0,90.0
230,2023-04-23,230,M,54,Beauty,1,25.0,25.0
231,2023-01-04,231,F,23,Clothing,3,50.0,150.0
232,2023-02-06,232,F,43,Beauty,1,25.0,25.0
233,2023-12-29,233,F,51,Beauty,2,300.0,600.0
234,2023-11-20,234,F,62,Electronics,2,25.0,50.0
235,2023-01-31,235,F,23,Electronics,2,500.0,1000.0
236,2023-04-28,236,F,54,Clothing,1,25.0,25.0
237,2023-02-04,237,F,50,Beauty,2,500.0,1000.0
238,2023-01-17,238,F,39,Beauty,1,500.0,500.0
239,2023-06-19,239,M,38,Electronics,3,500.0,1500.0
240,2023-02-06,240,F,23,Beauty,1,300.0,300.0
241,2023-09-21,241,F,23,Electronics,3,25.0,75.0
242,2023-05-02,242,M,21,Clothing,1,25.0,25.0
243,2023-05-23,243,F,47,Electronics,3,300.0,900.0
244,2023-12-09,244,M,28,Beauty,2,50.0,100.0
245,2023-09-06,245,M,47,Clothing,3,30.0,90.0
246,2023-04-20,246,F,48,Electronics,2,25.0,50.0
247,2023-10-04,247,M,41,Electronics,2,30.0,60.0
248,2023-03-09,248,M,26,Clothing,3,300.0,900.0
249,2023-10-20,249,M,20,Clothing,1,50.0,50.0
250,2023-10-23,250,M,48,Electronics,1,50.0,50.0
251,2023-08-31,251,F,57,Beauty,4,50.0,200.0
252,2023-05-05,252,M,54,Electronics,1,300.0,300.0
253,2023-08-31,253,F,53,Clothing,4,500.0,2000.0
254,2023-07-28,254,M,41,Electronics,1,500.0,500.0
255,2023-04-08,255,M,48,Clothing,1,30.0,30.0
256,2023-02-18,256,M,23,Clothing,2,500.0,1000.0
257,2023-02-19,257,M,19,Beauty,4,500.0,2000.0
258,2023-12-04,258,F,37,Clothing,1,50.0,50.0
259,2023-08-09,259,F,45,Clothing,4,50.0,200.0
260,2023-07-01,260,M,28,Beauty,2,30.0,60.0
261,2023-08-05,261,M,21,Clothing,2,25.0,50.0
262,2023-07-30,262,F,32,Beauty,4,30.0,120.0
263,2023-08-28,263,M,23,Beauty,2,30.0,60.0
264,2023-01-28,264,M,47,Clothing,3,300.0,900.0
265,2023-12-11,265,M,55,Clothing,3,300.0,900.0
266,2023-12-01,266,F,19,Electronics,2,30.0,60.0
267,2023-11-27,267,F,32,Beauty,3,30.0,90.0
268,2023-02-20,268,F,28,Electronics,1,30.0,30.0
269,2023-02-01,269,M,25,Clothing,4,500.0,2000.0
270,2023-07-26,270,M,43,Electronics,1,300.0,300.0
271,2023-06-23,271,F,62,Beauty,4,30.0,120.0
272,2023-02-25,272,F,61,Electronics,2,50.0,100.0
273,2023-05-08,273,F,22,Beauty,1,50.0,50.0
274,2023-04-09,274,F,23,Clothing,2,500.0,1000.0
275,2023-04-08,275,M,43,Clothing,2,500.0,1000.0
276,2023-10-02,276,F,21,Beauty,4,25.0,100.0
277,2023-08-18,277,M,36,Clothing,4,25.0,100.0
278,2023-03-13,278,F,37,Clothing,4,25.0,100.0
279,2023-08-05,279,M,50,Clothing,1,500.0,500.0
280,2023-04-04,280,F,37,Clothing,3,500.0,1500.0
281,2023-05-23,281,F,29,Beauty,4,500.0,2000.0
282,2023-08-25,282,F,64,Electronics,4,50.0,200.0
283,2023-05-08,283,F,18,Electronics,1,500.0,500.0
284,2023-02-08,284,M,43,Clothing,4,50.0,200.0
285,2023-08-15,285,F,31,Electronics,1,25.0,25.0
286,2023-10-09,286,M,55,Electronics,2,25.0,50.0
287,2023-02-20,287,M,54,Clothing,4,25.0,100.0
288,2023-01-26,288,M,28,Clothing,4,30.0,120.0
289,2023-11-30,289,M,53,Electronics,2,30.0,60.0
290,2023-10-04,290,F,30,Beauty,2,300.0,600.0
291,2023-01-08,291,M,60,Clothing,2,300.0,600.0
292,2023-02-17,292,M,20,Beauty,4,300.0,1200.0
293,2023-05-02,293,M,50,Electronics,3,30.0,90.0
294,2023-03-27,294,F,23,Clothing,3,30.0,90.0
295,2023-07-28,295,F,27,Beauty,3,300.0,900.0
296,2023-09-06,296,F,22,Clothing,4,300.0,1200.0
297,2023-09-04,297,F,40,Electronics,2,500.0,1000.0
298,2023-04-20,298,M,27,Beauty,4,300.0,1200.0
299,2023-07-25,299,M,61,Electronics,2,500.0,1000.0
300,2023-01-31,300,F,19,Electronics,4,50.0,200.0
301,2023-03-26,301,M,30,Clothing,4,30.0,120.0
302,2023-07-14,302,M,57,Beauty,2,300.0,600.0
303,2023-01-02,303,M,19,Electronics,3,30.0,90.0
304,2023-07-19,304,F,37,Electronics,2,30.0,60.0
305,2023-05-16,305,F,18,Beauty,1,30.0,30.0
306,2023-08-21,306,M,54,Electronics,1,50.0,50.0
307,2023-05-27,307,F,26,Electronics,2,25.0,50.0
308,2023-08-05,308,F,34,Beauty,4,300.0,1200.0
309,2023-12-23,309,F,26,Beauty,1,25.0,25.0
310,2023-10-12,310,F,28,Beauty,1,25.0,25.0
311,2023-12-05,311,F,32,Beauty,4,25.0,100.0
312,2023-09-07,312,M,41,Clothing,4,30.0,120.0
313,2023-03-21,313,F,55,Beauty,3,500.0,1500.0
314,2023-04-08,314,M,52,Clothing,4,30.0,120.0
315,2023-06-01,315,M,47,Clothing,2,30.0,60.0
316,2023-04-22,316,F,48,Clothing,2,25.0,50.0
317,2023-01-30,317,M,22,Electronics,3,30.0,90.0
318,2023-10-24,318,M,61,Clothing,1,25.0,25.0
319,2023-10-05,319,M,31,Clothing,1,500.0,500.0
320,2023-02-01,320,F,28,Electronics,4,300.0,1200.0
321,2023-06-10,321,F,26,Electronics,2,25.0,50.0
322,2023-01-30,322,M,51,Electronics,1,500.0,500.0
323,2023-01-26,323,F,29,Beauty,3,300.0,900.0
324,2023-10-27,324,F,52,Electronics,3,50.0,150.0
325,2023-09-02,325,F,52,Electronics,2,25.0,50.0
326,2023-09-15,326,F,18,Clothing,3,25.0,75.0
327,2023-09-29,327,M,57,Electronics,3,50.0,150.0
328,2023-03-22,328,M,39,Beauty,2,50.0,100.0
329,2023-01-30,329,F,46,Electronics,4,25.0,100.0
330,2023-09-18,330,F,25,Beauty,4,50.0,200.0
331,2023-02-11,331,M,28,Electronics,3,30.0,90.0
332,2023-04-06,332,M,58,Electronics,4,300.0,1200.0
333,2023-02-05,333,F,54,Electronics,4,300.0,1200.0
334,2023-11-01,334,M,31,Electronics,3,300.0,900.0
335,2023-02-04,335,F,47,Beauty,4,30.0,120.0
336,2023-12-12,336,F,52,Beauty,3,50.0,150.0
337,2023-05-01,337,M,38,Clothing,1,500.0,500.0
338,2023-07-26,338,M,54,Beauty,2,50.0,100.0
339,2023-03-03,339,F,22,Electronics,2,25.0,50.0
340,2023-10-19,340,F,36,Clothing,4,300.0,1200.0
341,2023-05-07,341,M,31,Clothing,4,50.0,200.0
342,2023-10-24,342,F,43,Clothing,4,500.0,2000.0
343,2023-11-01,343,M,21,Electronics,2,25.0,50.0
344,2023-01-21,344,F,42,Beauty,1,30.0,30.0
345,2023-11-14,345,M,62,Electronics,1,30.0,30.0
346,2023-02-11,346,M,59,Clothing,2,500.0,1000.0
347,2023-08-03,347,M,42,Electronics,1,25.0,25.0
348,2023-12-03,348,F,35,Electronics,2,300.0,600.0
349,2023-10-26,349,F,57,Beauty,1,50.0,50.0
350,2023-10-17,350,M,25,Beauty,3,25.0,75.0
351,2023-09-25,351,F,56,Clothing,3,30.0,90.0
352,2023-06-11,352,M,57,Electronics,2,500.0,1000.0
353,2023-05-14,353,M,31,Electronics,1,500.0,500.0
354,2023-04-15,354,F,49,Beauty,4,50.0,200.0
355,2023-12-09,355,F,55,Electronics,1,500.0,500.0
356,2023-06-10,356,M,50,Electronics,3,500.0,1500.0
357,2023-05-03,357,F,40,Electronics,3,25.0,75.0
358,2023-05-16,358,F,32,Beauty,1,300.0,300.0
359,2023-07-22,359,M,50,Clothing,1,50.0,50.0
360,2023-03-09,360,M,42,Clothing,4,25.0,100.0
361,2023-12-10,361,F,34,Electronics,4,300.0,1200.0
362,2023-11-27,362,M,50,Clothing,1,25.0,25.0
363,2023-06-03,363,M,64,Beauty,1,25.0,25.0
364,2023-08-23,364,F,19,Beauty,1,500.0,500.0
365,2023-06-11,365,M,31,Clothing,1,300.0,300.0
366,2023-02-07,366,M,57,Clothing,2,50.0,100.0
367,2023-01-05,367,F,57,Electronics,1,50.0,50.0
368,2023-08-23,368,F,56,Clothing,4,300.0,1200.0
369,2023-11-15,369,M,23,Electronics,3,500.0,1500.0
370,2023-10-16,370,M,23,Electronics,2,30.0,60.0
371,2023-02-21,371,F,20,Beauty,1,25.0,25.0
372,2023-02-07,372,F,24,Beauty,3,500.0,1500.0
373,2023-10-03,373,F,25,Beauty,2,300.0,600.0
374,2023-04-20,374,F,59,Beauty,3,25.0,75.0
375,2023-09-17,375,M,32,Clothing,1,50.0,50.0
376,2023-05-16,376,F,64,Beauty,1,30.0,30.0
377,2023-03-09,377,F,46,Clothing,4,50.0,200.0
378,2023-06-28,378,M,50,Beauty,1,300.0,300.0
379,2023-02-05,379,F,47,Clothing,1,25.0,25.0
380,2023-05-06,380,M,56,Electronics,2,300.0,600.0
381,2023-07-09,381,F,44,Clothing,4,25.0,100.0
382,2023-05-26,382,F,53,Clothing,2,500.0,1000.0
383,2023-03-22,383,F,46,Beauty,3,30.0,90.0
384,2023-08-13,384,M,55,Clothing,1,500.0,500.0
385,2023-10-06,385,M,50,Electronics,3,500.0,1500.0
386,2023-12-27,386,F,54,Electronics,2,300.0,600.0
387,2023-06-04,387,M,44,Beauty,1,30.0,30.0
388,2023-11-10,388,M,50,Electronics,1,25.0,25.0
389,2023-12-01,389,M,21,Clothing,2,25.0,50.0
390,2023-09-28,390,M,39,Electronics,2,50.0,100.0
391,2023-01-05,391,M,19,Beauty,2,25.0,50.0
392,2023-12-08,392,M,27,Clothing,2,300.0,600.0
393,2023-10-11,393,F,22,Beauty,2,500.0,1000.0
394,2023-06-03,394,F,27,Clothing,1,500.0,500.0
395,2023-12-06,395,M,50,Electronics,2,500.0,1000.0
396,2023-02-23,396,F,55,Beauty,1,30.0,30.0
397,2023-03-10,397,F,30,Beauty,1,25.0,25.0
398,2023-05-16,398,F,48,Clothing,2,300.0,600.0
399,2023-03-01,399,F,64,Beauty,2,30.0,60.0
400,2023-02-24,400,M,53,Clothing,4,50.0,200.0
401,2023-10-11,401,F,62,Clothing,1,300.0,300.0
402,2023-03-21,402,F,41,Clothing,2,300.0,600.0
403,2023-05-20,403,M,32,Clothing,2,300.0,600.0
404,2023-05-25,404,M,46,Electronics,2,500.0,1000.0
405,2023-11-06,405,F,25,Clothing,4,300.0,1200.0
406,2023-04-18,406,F,22,Beauty,4,25.0,100.0
407,2023-06-25,407,F,46,Electronics,3,300.0,900.0
408,2023-04-15,408,F,64,Beauty,1,500.0,500.0
409,2023-12-18,409,F,21,Electronics,3,300.0,900.0
410,2023-11-21,410,F,29,Clothing,2,50.0,100.0
411,2023-05-16,411,M,62,Electronics,4,50.0,200.0
412,2023-09-16,412,F,19,Electronics,4,500.0,2000.0
413,2023-09-08,413,F,44,Beauty,3,25.0,75.0
414,2023-05-09,414,M,48,Beauty,4,25.0,100.0
415,2023-01-27,415,M,53,Clothing,2,30.0,60.0
416,2023-02-17,416,M,53,Electronics,4,500.0,2000.0
417,2023-11-21,417,M,43,Electronics,3,300.0,900.0
418,2023-08-05,418,F,60,Electronics,2,500.0,1000.0
419,2023-05-22,419,F,44,Clothing,3,30.0,90.0
420,2023-01-23,420,F,22,Clothing,4,500.0,2000.0
421,2023-01-02,421,F,37,Clothing,3,500.0,1500.0
422,2023-06-20,422,F,28,Clothing,3,30.0,90.0
423,2023-03-08,423,F,27,Clothing,1,25.0,25.0
424,2023-11-23,424,M,57,Beauty,4,300.0,1200.0
425,2023-05-15,425,F,55,Electronics,4,30.0,120.0
426,2023-03-24,426,M,23,Electronics,3,50.0,150.0
427,2023-08-15,427,M,25,Electronics,1,25.0,25.0
428,2023-10-10,428,F,40,Electronics,4,50.0,200.0
429,2023-12-28,429,M,64,Electronics,2,25.0,50.0
430,2023-08-07,430,F,43,Electronics,3,300.0,900.0
431,2023-10-15,431,M,63,Electronics,4,300.0,1200.0
432,2023-01-05,432,F,60,Electronics,2,500.0,1000.0
433,2023-02-27,433,M,29,Beauty,4,50.0,200.0
434,2023-02-08,434,F,43,Electronics,2,25.0,50.0
435,2023-12-20,435,F,30,Beauty,3,300.0,900.0
436,2023-03-18,436,F,57,Clothing,4,30.0,120.0
437,2023-10-07,437,F,35,Electronics,4,300.0,1200.0
438,2023-01-19,438,F,42,Clothing,1,30.0,30.0
439,2023-07-09,439,M,50,Clothing,3,25.0,75.0
440,2023-10-26,440,M,64,Clothing,2,300.0,600.0
441,2023-10-10,441,M,57,Beauty,4,300.0,1200.0
442,2023-03-17,442,F,60,Clothing,4,25.0,100.0
443,2023-08-09,443,M,29,Clothing,2,300.0,600.0
444,2023-03-07,444,F,61,Clothing,3,30.0,90.0
445,2023-01-22,445,F,53,Electronics,1,300.0,300.0
446,2023-06-07,446,M,21,Electronics,1,50.0,50.0
447,2023-07-06,447,M,22,Beauty,4,500.0,2000.0
448,2023-01-21,448,F,54,Beauty,2,30.0,60.0
449,2023-07-03,449,M,25,Electronics,4,50.0,200.0
450,2023-04-18,450,F,59,Beauty,2,25.0,50.0
451,2023-12-16,451,F,45,Electronics,1,30.0,30.0
452,2023-05-08,452,F,48,Clothing,3,500.0,1500.0
453,2023-12-08,453,F,26,Clothing,2,500.0,1000.0
454,2023-02-22,454,F,46,Beauty,1,25.0,25.0
455,2023-07-01,455,M,31,Electronics,4,25.0,100.0
456,2023-10-14,456,M,57,Electronics,2,30.0,60.0
457,2023-07-28,457,F,58,Beauty,3,300.0,900.0
458,2023-11-14,458,F,39,Electronics,4,25.0,100.0
459,2023-03-21,459,M,28,Clothing,4,300.0,1200.0
460,2023-05-02,460,M,40,Beauty,1,50.0,50.0
461,2023-03-25,461,F,18,Beauty,2,500.0,1000.0
462,2023-04-01,462,M,63,Electronics,4,300.0,1200.0
463,2023-07-31,463,F,54,Beauty,3,500.0,1500.0
464,2023-01-13,464,M,38,Electronics,2,300.0,600.0
465,2023-04-02,465,F,43,Electronics,3,50.0,150.0
466,2023-06-20,466,M,63,Electronics,4,25.0,100.0
467,2023-07-30,467,F,53,Electronics,3,50.0,150.0
468,2023-12-09,468,M,40,Electronics,1,25.0,25.0
469,2023-05-08,469,M,18,Beauty,3,25.0,75.0
470,2023-05-17,470,F,57,Clothing,2,500.0,1000.0
471,2023-03-23,471,M,32,Clothing,3,50.0,150.0
472,2023-12-26,472,F,38,Beauty,3,300.0,900.0
473,2023-02-25,473,M,64,Beauty,1,50.0,50.0
474,2023-07-15,474,F,26,Clothing,3,500.0,1500.0
475,2023-01-20,475,M,26,Clothing,3,25.0,75.0
476,2023-08-29,476,F,27,Clothing,4,500.0,2000.0
477,2023-04-24,477,M,43,Clothing,4,30.0,120.0
478,2023-04-13,478,F,58,Clothing,2,30.0,60.0
479,2023-08-24,479,M,52,Electronics,4,300.0,1200.0
480,2023-06-29,480,F,42,Beauty,4,500.0,2000.0
481,2023-06-06,481,F,43,Electronics,4,300.0,1200.0
482,2023-04-27,482,F,28,Clothing,4,300.0,1200.0
483,2023-04-25,483,M,55,Clothing,1,30.0,30.0
484,2023-01-13,484,F,19,Clothing,4,300.0,1200.0
485,2023-12-04,485,M,24,Electronics,1,30.0,30.0
486,2023-04-09,486,F,35,Electronics,1,25.0,25.0
487,2023-07-24,487,M,44,Clothing,4,500.0,2000.0
488,2023-06-18,488,F,51,Electronics,3,300.0,900.0
489,2023-05-23,489,M,44,Electronics,1,30.0,30.0
490,2023-02-05,490,M,34,Clothing,3,50.0,150.0
491,2023-05-23,491,F,60,Electronics,3,300.0,900.0
492,2023-06-29,492,M,61,Beauty,4,25.0,100.0
493,2023-11-25,493,M,41,Beauty,2,25.0,50.0
494,2023-09-18,494,F,42,Beauty,4,50.0,200.0
495,2023-07-24,495,M,24,Beauty,2,30.0,60.0
496,2023-12-14,496,M,23,Clothing,2,300.0,600.0
497,2023-10-02,497,M,41,Clothing,4,30.0,120.0
498,2023-06-19,498,F,50,Clothing,4,25.0,100.0
499,2023-01-15,499,M,46,Beauty,2,30.0,60.0
500,2023-03-01,500,F,60,Beauty,4,25.0,100.0
501,2023-05-14,501,M,39,Electronics,2,30.0,60.0
502,2023-04-02,502,M,43,Electronics,3,50.0,150.0
503,2023-10-25,503,M,45,Beauty,4,500.0,2000.0
504,2023-05-16,504,F,38,Beauty,3,50.0,150.0
505,2023-01-20,505,M,24,Beauty,1,50.0,50.0
506,2023-02-25,506,M,34,Beauty,3,500.0,1500.0
507,2023-11-02,507,F,37,Electronics,3,500.0,1500.0
508,2023-08-11,508,M,58,Beauty,2,300.0,600.0
509,2023-06-26,509,F,37,Electronics,3,300.0,900.0
510,2023-06-10,510,F,39,Beauty,4,50.0,200.0
511,2023-08-12,511,M,45,Beauty,2,50.0,100.0
512,2023-11-07,512,F,57,Beauty,1,25.0,25.0
513,2023-09-19,513,M,24,Electronics,4,25.0,100.0
514,2023-03-01,514,F,18,Electronics,1,300.0,300.0
515,2023-07-17,515,F,49,Clothing,3,300.0,900.0
516,2023-10-23,516,M,30,Beauty,4,25.0,100.0
517,2023-04-08,517,F,47,Clothing,4,25.0,100.0
518,2023-05-11,518,F,40,Clothing,1,30.0,30.0
519,2023-01-23,519,F,36,Electronics,4,30.0,120.0
520,2023-12-29,520,F,49,Electronics,4,25.0,100.0
521,2023-08-12,521,F,47,Clothing,4,30.0,120.0
522,2023-01-01,522,M,46,Beauty,3,500.0,1500.0
523,2023-09-24,523,F,62,Electronics,1,300.0,300.0
524,2023-10-03,524,M,46,Beauty,4,300.0,1200.0
525,2023-12-18,525,F,47,Beauty,2,25.0,50.0
526,2023-12-10,526,M,33,Clothing,2,50.0,100.0
527,2023-04-11,527,M,57,Clothing,2,25.0,50.0
528,2023-07-06,528,F,36,Clothing,2,30.0,60.0
529,2023-08-09,529,F,35,Clothing,3,50.0,150.0
530,2023-02-05,530,F,18,Electronics,4,30.0,120.0
531,2023-12-07,531,M,31,Electronics,1,500.0,500.0
532,2023-06-19,532,F,64,Clothing,4,30.0,120.0
533,2023-11-16,533,M,19,Electronics,3,500.0,1500.0
534,2023-06-10,534,M,45,Clothing,2,500.0,1000.0
535,2023-12-06,535,M,47,Beauty,3,30.0,90.0
536,2023-03-05,536,F,55,Beauty,4,30.0,120.0
537,2023-06-03,537,F,21,Beauty,1,500.0,500.0
538,2023-09-17,538,M,18,Clothing,3,50.0,150.0
539,2023-06-08,539,M,25,Beauty,1,500.0,500.0
540,2023-12-08,540,F,46,Electronics,3,300.0,900.0
541,2023-07-29,541,M,56,Beauty,1,500.0,500.0
542,2023-06-17,542,F,20,Beauty,1,50.0,50.0
543,2023-07-26,543,M,49,Beauty,2,300.0,600.0
544,2023-12-23,544,F,27,Electronics,1,25.0,25.0
545,2023-06-01,545,M,27,Clothing,2,25.0,50.0
546,2023-10-11,546,F,36,Electronics,4,50.0,200.0
547,2023-03-07,547,M,63,Clothing,4,500.0,2000.0
548,2023-04-09,548,F,51,Clothing,2,30.0,60.0
549,2023-08-04,549,F,50,Beauty,2,50.0,100.0
550,2023-12-07,550,M,40,Clothing,3,300.0,900.0
551,2023-07-14,551,M,45,Electronics,3,300.0,900.0
552,2023-12-13,552,F,49,Electronics,3,25.0,75.0
553,2023-03-31,553,M,24,Clothing,4,300.0,1200.0
554,2023-11-12,554,F,46,Beauty,3,50.0,150.0
555,2023-10-19,555,M,25,Beauty,1,300.0,300.0
556,2023-06-04,556,F,18,Electronics,1,50.0,50.0
557,2023-07-27,557,F,20,Beauty,3,30.0,90.0
558,2023-10-08,558,F,41,Clothing,1,25.0,25.0
559,2023-01-01,559,F,40,Clothing,4,300.0,1200.0
560,2023-06-05,560,F,25,Electronics,1,50.0,50.0
561,2023-05-27,561,F,64,Clothing,4,500.0,2000.0
562,2023-04-18,562,M,54,Electronics,2,25.0,50.0
563,2023-08-09,563,M,20,Clothing,2,30.0,60.0
564,2023-10-24,564,M,50,Electronics,2,50.0,100.0
565,2023-11-07,565,F,45,Beauty,2,30.0,60.0
566,2023-12-02,566,F,64,Clothing,1,30.0,30.0
567,2023-06-14,567,F,25,Clothing,3,300.0,900.0
568,2023-08-27,568,F,51,Electronics,1,300.0,300.0
569,2023-08-15,569,M,52,Electronics,4,50.0,200.0
570,2023-08-15,570,M,49,Clothing,1,500.0,500.0
571,2023-12-12,571,F,41,Electronics,1,50.0,50.0
572,2023-04-20,572,M,31,Clothing,4,500.0,2000.0
573,2023-09-19,573,M,49,Beauty,2,30.0,60.0
574,2023-08-31,574,F,63,Electronics,2,25.0,50.0
575,2023-03-28,575,M,60,Clothing,2,50.0,100.0
576,2023-12-04,576,F,33,Beauty,3,50.0,150.0
577,2023-02-13,577,M,21,Beauty,4,500.0,2000.0
578,2023-05-26,578,F,54,Clothing,4,30.0,120.0
579,2023-09-21,579,F,38,Electronics,1,30.0,30.0
580,2023-12-06,580,F,31,Clothing,3,500.0,1500.0
581,2023-11-21,581,F,48,Beauty,2,30.0,60.0
582,2023-11-14,582,M,35,Clothing,3,300.0,900.0
583,2023-06-21,583,F,24,Electronics,4,25.0,100.0
584,2023-02-17,584,F,27,Beauty,4,50.0,200.0
585,2023-05-01,585,F,24,Clothing,1,25.0,25.0
586,2023-12-11,586,M,50,Electronics,1,50.0,50.0
587,2023-06-08,587,F,40,Beauty,4,300.0,1200.0
588,2023-04-26,588,M,38,Electronics,2,30.0,60.0
589,2023-04-12,589,F,36,Beauty,2,500.0,1000.0
590,2023-03-17,590,M,36,Clothing,3,300.0,900.0
591,2023-01-13,591,M,53,Electronics,4,25.0,100.0
592,2023-01-24,592,F,46,Beauty,4,500.0,2000.0
593,2023-05-06,593,M,35,Electronics,2,30.0,60.0
594,2023-09-01,594,F,19,Electronics,2,300.0,600.0
595,2023-11-09,595,F,18,Clothing,4,500.0,2000.0
596,2023-02-07,596,F,64,Electronics,1,300.0,300.0
597,2023-08-22,597,M,22,Beauty,4,300.0,1200.0
598,2023-08-01,598,M,37,Beauty,4,30.0,120.0
599,2023-11-19,599,F,28,Beauty,2,50.0,100.0
600,2023-10-22,600,F,59,Beauty,2,500.0,1000.0
601,2023-04-10,601,M,19,Clothing,1,30.0,30.0
602,2023-12-23,602,F,20,Electronics,1,300.0,300.0
603,2023-07-16,603,F,40,Clothing,3,30.0,90.0
604,2023-09-11,604,F,29,Electronics,4,50.0,200.0
605,2023-07-24,605,M,37,Electronics,2,500.0,1000.0
606,2023-05-05,606,M,22,Electronics,1,50.0,50.0
607,2023-03-17,607,M,54,Clothing,3,25.0,75.0
608,2023-12-02,608,F,55,Electronics,3,500.0,1500.0
609,2023-12-19,609,F,47,Clothing,2,50.0,100.0
610,2023-01-03,610,F,26,Beauty,2,300.0,600.0
611,2023-02-24,611,M,51,Beauty,3,500.0,1500.0
612,2023-08-06,612,F,61,Electronics,1,500.0,500.0
613,2023-04-23,613,F,52,Clothing,3,30.0,90.0
614,2023-04-01,614,F,39,Beauty,4,300.0,1200.0
615,2023-12-23,615,F,61,Clothing,4,25.0,100.0
616,2023-09-23,616,M,41,Clothing,2,50.0,100.0
617,2023-08-26,617,M,34,Electronics,1,30.0,30.0
618,2023-01-26,618,F,27,Beauty,1,50.0,50.0
619,2023-10-13,619,M,47,Electronics,4,25.0,100.0
620,2023-05-08,620,M,63,Electronics,3,25.0,75.0
621,2023-03-04,621,F,40,Beauty,2,500.0,1000.0
622,2023-08-22,622,F,49,Beauty,3,25.0,75.0
623,2023-03-10,623,M,34,Clothing,3,50.0,150.0
624,2023-08-26,624,F,34,Beauty,3,300.0,900.0
625,2023-12-08,625,M,31,Clothing,1,300.0,300.0
626,2023-09-29,626,F,26,Clothing,4,500.0,2000.0
627,2023-10-14,627,M,57,Clothing,1,50.0,50.0
628,2023-11-01,628,F,19,Beauty,4,50.0,200.0
629,2023-06-12,629,M,62,Electronics,2,25.0,50.0
630,2023-08-15,630,M,42,Clothing,2,50.0,100.0
631,2023-11-10,631,M,56,Electronics,3,30.0,90.0
632,2023-09-16,632,F,26,Electronics,4,25.0,100.0
633,2023-08-07,633,M,39,Beauty,4,30.0,120.0
634,2023-10-08,634,M,60,Electronics,4,500.0,2000.0
635,2023-08-17,635,F,63,Electronics,3,300.0,900.0
636,2023-03-23,636,F,21,Beauty,3,500.0,1500.0
637,2023-09-01,637,M,43,Clothing,2,300.0,600.0
638,2023-08-19,638,M,46,Electronics,1,500.0,500.0
639,2023-05-13,639,F,62,Beauty,4,50.0,200.0
640,2023-05-07,640,F,51,Electronics,4,30.0,120.0
641,2023-11-23,641,F,40,Electronics,1,300.0,300.0
642,2023-05-22,642,F,54,Clothing,4,25.0,100.0
643,2023-09-24,643,F,28,Electronics,3,30.0,90.0
644,2023-09-06,644,M,23,Beauty,3,25.0,75.0
645,2023-11-17,645,F,35,Electronics,4,30.0,120.0
646,2023-05-03,646,M,38,Clothing,3,30.0,90.0
647,2023-05-21,647,M,59,Clothing,3,500.0,1500.0
648,2023-08-14,648,M,53,Beauty,4,300.0,1200.0
649,2023-02-09,649,F,58,Clothing,2,300.0,600.0
650,2024-01-01,650,M,55,Electronics,1,30.0,30.0
651,2023-05-27,651,M,51,Clothing,3,50.0,150.0
652,2023-05-01,652,F,34,Beauty,2,50.0,100.0
653,2023-05-20,653,M,54,Clothing,3,25.0,75.0
654,2023-06-21,654,M,42,Clothing,3,25.0,75.0
655,2023-06-13,655,F,55,Clothing,1,500.0,500.0
656,2023-10-04,656,M,29,Beauty,3,30.0,90.0
657,2023-02-11,657,M,40,Clothing,1,25.0,25.0
658,2023-03-12,658,M,59,Clothing,1,25.0,25.0
659,2023-03-19,659,F,39,Electronics,1,30.0,30.0
660,2023-04-29,660,F,38,Beauty,2,500.0,1000.0
661,2023-07-16,661,F,44,Clothing,4,25.0,100.0
662,2023-12-22,662,M,48,Beauty,2,500.0,1000.0
663,2023-03-20,663,M,23,Clothing,4,300.0,1200.0
664,2023-12-28,664,F,44,Clothing,4,500.0,2000.0
665,2023-04-20,665,M,57,Clothing,1,50.0,50.0
666,2023-02-02,666,M,51,Electronics,3,50.0,150.0
667,2023-08-01,667,F,29,Electronics,1,500.0,500.0
668,2023-07-28,668,F,62,Electronics,3,50.0,150.0
669,2023-06-19,669,M,24,Beauty,4,300.0,1200.0
670,2023-10-05,670,M,27,Beauty,1,30.0,30.0
671,2023-08-27,671,M,62,Electronics,3,50.0,150.0
672,2023-08-01,672,F,34,Beauty,2,50.0,100.0
673,2023-02-01,673,F,43,Clothing,3,500.0,1500.0
674,2023-04-16,674,F,38,Clothing,1,300.0,300.0
675,2023-08-04,675,F,45,Clothing,2,30.0,60.0
676,2023-07-19,676,M,63,Electronics,3,500.0,1500.0
677,2023-10-27,677,F,19,Beauty,3,500.0,1500.0
678,2023-12-23,678,F,60,Electronics,3,300.0,900.0
679,2023-01-11,679,F,18,Beauty,3,30.0,90.0
680,2023-10-22,680,F,53,Clothing,3,300.0,900.0
681,2023-07-14,681,F,43,Electronics,2,30.0,60.0
682,2023-09-02,682,M,46,Beauty,4,300.0,1200.0
683,2023-01-04,683,M,38,Beauty,2,500.0,1000.0
684,2023-06-30,684,F,28,Clothing,2,500.0,1000.0
685,2023-06-02,685,M,57,Electronics,2,25.0,50.0
686,2023-07-19,686,F,28,Electronics,4,50.0,200.0
687,2023-08-03,687,F,53,Electronics,1,300.0,300.0
688,2023-10-03,688,M,56,Clothing,4,25.0,100.0
689,2023-10-07,689,M,57,Electronics,2,50.0,100.0
690,2023-11-05,690,F,52,Clothing,3,300.0,900.0
691,2023-04-23,691,F,51,Clothing,3,30.0,90.0
692,2023-09-07,692,F,64,Clothing,2,50.0,100.0
693,2023-04-23,693,M,41,Beauty,3,500.0,1500.0
694,2023-05-20,694,F,39,Electronics,2,25.0,50.0
695,2023-08-12,695,F,22,Electronics,3,50.0,150.0
696,2023-09-06,696,F,50,Clothing,4,50.0,200.0
697,2023-01-15,697,M,53,Clothing,1,500.0,500.0
698,2023-07-19,698,F,64,Electronics,1,300.0,300.0
699,2023-06-22,699,F,37,Clothing,4,30.0,120.0
700,2023-12-09,700,M,36,Electronics,4,500.0,2000.0
701,2023-12-14,701,F,52,Beauty,2,30.0,60.0
702,2023-07-27,702,F,60,Clothing,2,300.0,600.0
703,2023-03-26,703,M,34,Electronics,2,50.0,100.0
704,2023-08-28,704,F,62,Clothing,3,30.0,90.0
705,2023-03-07,705,M,60,Electronics,2,25.0,50.0
706,2023-11-15,706,M,51,Electronics,4,25.0,100.0
707,2023-10-01,707,F,26,Clothing,1,500.0,500.0
708,2023-01-14,708,F,43,Beauty,3,300.0,900.0
709,2023-07-21,709,F,19,Electronics,2,500.0,1000.0
710,2023-10-31,710,F,26,Electronics,3,500.0,1500.0
711,2023-10-16,711,M,26,Electronics,3,500.0,1500.0
712,2023-12-06,712,F,57,Beauty,2,25.0,50.0
713,2023-01-14,713,M,34,Beauty,3,25.0,75.0
714,2023-02-12,714,F,18,Clothing,1,500.0,500.0
715,2023-11-26,715,F,42,Beauty,4,25.0,100.0
716,2023-08-08,716,F,60,Clothing,4,300.0,1200.0
717,2023-03-11,717,M,57,Clothing,1,500.0,500.0
718,2023-08-25,718,F,59,Beauty,3,25.0,75.0
719,2023-04-04,719,F,42,Clothing,2,30.0,60.0
720,2023-01-26,720,F,56,Beauty,3,500.0,1500.0
721,2023-05-14,721,F,52,Clothing,1,500.0,500.0
722,2023-07-14,722,M,20,Beauty,3,300.0,900.0
723,2023-06-17,723,F,54,Beauty,4,50.0,200.0
724,2023-04-19,724,M,61,Clothing,3,50.0,150.0
725,2023-08-21,725,M,61,Electronics,1,300.0,300.0
726,2023-06-17,726,M,47,Clothing,4,300.0,1200.0
727,2023-06-22,727,M,55,Beauty,3,300.0,900.0
728,2023-07-14,728,M,51,Electronics,3,50.0,150.0
729,2023-05-23,729,M,29,Clothing,4,300.0,1200.0
730,2023-08-04,730,F,36,Clothing,2,25.0,50.0
731,2023-05-10,731,M,54,Clothing,4,500.0,2000.0
732,2023-02-11,732,M,61,Electronics,2,500.0,1000.0
733,2023-08-29,733,M,34,Beauty,1,30.0,30.0
734,2023-01-10,734,F,27,Clothing,1,30.0,30.0
735,2023-10-04,735,F,64,Clothing,4,500.0,2000.0
736,2023-01-27,736,M,29,Clothing,4,25.0,100.0
737,2023-06-29,737,F,33,Clothing,1,50.0,50.0
738,2023-04-25,738,M,41,Clothing,2,50.0,100.0
739,2023-11-29,739,M,36,Beauty,1,25.0,25.0
740,2023-02-05,740,F,25,Beauty,4,50.0,200.0
741,2023-11-30,741,M,48,Clothing,1,300.0,300.0
742,2023-01-21,742,F,38,Electronics,4,500.0,2000.0
743,2023-01-16,743,F,34,Beauty,4,500.0,2000.0
744,2023-05-07,744,M,40,Electronics,1,25.0,25.0
745,2023-04-13,745,M,54,Beauty,2,50.0,100.0
746,2023-01-11,746,F,33,Clothing,3,30.0,90.0
747,2023-11-15,747,M,23,Beauty,1,30.0,30.0
748,2023-03-20,748,M,25,Clothing,3,50.0,150.0
749,2023-05-03,749,M,42,Beauty,1,30.0,30.0
750,2023-03-06,750,F,35,Clothing,3,25.0,75.0
751,2023-08-31,751,F,42,Clothing,2,25.0,50.0
752,2023-12-09,752,M,29,Clothing,2,50.0,100.0
753,2023-02-28,753,F,32,Clothing,1,30.0,30.0
754,2023-10-16,754,F,43,Electronics,4,25.0,100.0
755,2023-04-22,755,F,58,Clothing,3,25.0,75.0
756,2023-08-27,756,F,62,Electronics,4,300.0,1200.0
757,2023-12-25,757,F,43,Electronics,4,300.0,1200.0
758,2023-05-12,758,M,64,Clothing,4,25.0,100.0
759,2023-07-08,759,M,49,Electronics,2,50.0,100.0
760,2023-03-27,760,M,27,Beauty,1,500.0,500.0
761,2023-11-07,761,F,33,Clothing,1,500.0,500.0
762,2023-11-07,762,F,24,Electronics,2,25.0,50.0
763,2023-02-28,763,M,34,Clothing,2,25.0,50.0
764,2023-03-25,764,F,40,Clothing,1,25.0,25.0
765,2023-06-09,765,M,43,Clothing,4,50.0,200.0
766,2023-02-25,766,M,38,Electronics,3,300.0,900.0
767,2023-10-24,767,M,39,Beauty,3,25.0,75.0
768,2023-01-14,768,F,24,Beauty,3,25.0,75.0
769,2023-06-09,769,F,31,Electronics,4,30.0,120.0
770,2023-10-22,770,M,32,Clothing,1,50.0,50.0
771,2023-12-13,771,M,24,Electronics,2,25.0,50.0
772,2023-07-12,772,M,26,Electronics,1,30.0,30.0
773,2023-07-23,773,M,25,Electronics,4,500.0,2000.0
774,2023-04-12,774,F,40,Clothing,2,25.0,50.0
775,2023-02-08,775,F,46,Electronics,4,25.0,100.0
776,2023-10-31,776,M,35,Clothing,3,30.0,90.0
777,2023-12-20,777,M,48,Electronics,3,50.0,150.0
778,2023-11-18,778,F,47,Beauty,4,25.0,100.0
779,2023-05-05,779,F,56,Electronics,2,500.0,1000.0
780,2023-02-22,780,M,52,Electronics,2,25.0,50.0
781,2023-12-23,781,M,35,Beauty,1,500.0,500.0
782,2023-06-04,782,M,59,Clothing,3,300.0,900.0
783,2023-12-17,783,F,56,Clothing,1,300.0,300.0
784,2023-11-04,784,F,34,Electronics,1,500.0,500.0
785,2023-03-03,785,F,31,Beauty,4,50.0,200.0
786,2023-10-17,786,M,48,Clothing,4,25.0,100.0
787,2023-01-22,787,M,41,Electronics,1,25.0,25.0
788,2023-06-27,788,F,52,Beauty,3,300.0,900.0
789,2023-09-30,789,F,61,Clothing,4,500.0,2000.0
790,2023-08-08,790,M,62,Clothing,1,25.0,25.0
791,2023-12-05,791,F,51,Beauty,1,25.0,25.0
792,2023-07-09,792,F,20,Beauty,1,50.0,50.0
793,2023-02-05,793,M,54,Beauty,1,30.0,30.0
794,2023-09-17,794,F,60,Beauty,1,300.0,300.0
795,2023-11-28,795,M,57,Electronics,1,300.0,300.0
796,2023-06-24,796,M,43,Beauty,4,30.0,120.0
797,2023-01-07,797,M,40,Clothing,3,25.0,75.0
798,2023-08-04,798,M,61,Clothing,1,50.0,50.0
799,2023-09-08,799,M,56,Electronics,2,50.0,100.0
800,2023-02-24,800,M,32,Clothing,4,300.0,1200.0
801,2023-08-10,801,M,21,Clothing,4,50.0,200.0
802,2023-07-05,802,F,46,Beauty,1,30.0,30.0
803,2023-11-22,803,M,39,Clothing,4,25.0,100.0
804,2023-08-24,804,M,42,Electronics,1,30.0,30.0
805,2023-12-29,805,F,30,Beauty,3,500.0,1500.0
806,2023-03-20,806,F,35,Beauty,3,300.0,900.0
807,2023-08-11,807,F,50,Electronics,4,50.0,200.0
808,2023-04-01,808,M,33,Beauty,4,500.0,2000.0
809,2023-09-25,809,F,62,Beauty,2,50.0,100.0
810,2023-11-30,810,M,59,Electronics,4,25.0,100.0
811,2023-05-19,811,M,61,Beauty,2,25.0,50.0
812,2023-11-12,812,M,19,Electronics,3,25.0,75.0
813,2023-10-03,813,M,52,Electronics,3,50.0,150.0
814,2023-09-05,814,F,59,Clothing,1,500.0,500.0
815,2023-08-27,815,F,51,Clothing,3,25.0,75.0
816,2023-08-12,816,M,47,Beauty,2,500.0,1000.0
817,2023-10-31,817,M,30,Beauty,4,50.0,200.0
818,2023-05-18,818,M,30,Electronics,1,500.0,500.0
819,2023-06-15,819,F,35,Beauty,2,50.0,100.0
820,2023-05-06,820,M,49,Electronics,4,50.0,200.0
821,2023-02-14,821,M,49,Electronics,1,300.0,300.0
822,2023-05-23,822,F,52,Beauty,3,50.0,150.0
823,2023-08-19,823,F,56,Electronics,2,50.0,100.0
824,2023-05-05,824,M,63,Clothing,4,30.0,120.0
825,2023-08-26,825,F,46,Beauty,1,25.0,25.0
826,2023-10-19,826,F,46,Clothing,1,300.0,300.0
827,2023-11-09,827,M,61,Beauty,3,300.0,900.0
828,2023-12-09,828,F,33,Electronics,4,300.0,1200.0
829,2023-07-14,829,M,61,Beauty,3,30.0,90.0
830,2023-06-22,830,F,64,Clothing,3,50.0,150.0
831,2023-01-15,831,M,27,Electronics,4,25.0,100.0
832,2023-09-11,832,M,47,Beauty,4,500.0,2000.0
833,2023-06-16,833,M,42,Beauty,4,50.0,200.0
834,2023-04-04,834,F,56,Beauty,2,30.0,60.0
835,2023-09-07,835,M,37,Clothing,4,50.0,200.0
836,2023-04-19,836,F,22,Clothing,1,50.0,50.0
837,2023-07-01,837,M,18,Beauty,3,30.0,90.0
838,2023-05-13,838,M,47,Electronics,2,300.0,600.0
839,2023-06-24,839,F,20,Electronics,4,300.0,1200.0
840,2023-05-24,840,M,62,Clothing,2,25.0,50.0
841,2023-11-02,841,M,31,Electronics,4,25.0,100.0
842,2023-12-26,842,F,47,Clothing,2,300.0,600.0
843,2023-05-22,843,M,21,Beauty,3,500.0,1500.0
844,2023-10-12,844,M,35,Clothing,3,50.0,150.0
845,2023-01-06,845,M,54,Clothing,1,500.0,500.0
846,2023-09-22,846,M,42,Beauty,1,50.0,50.0
847,2023-04-08,847,F,18,Electronics,4,300.0,1200.0
848,2023-02-13,848,F,63,Clothing,3,25.0,75.0
849,2023-05-04,849,M,32,Clothing,2,25.0,50.0
850,2023-07-28,850,F,26,Beauty,2,500.0,1000.0
851,2023-09-08,851,M,32,Electronics,2,25.0,50.0
852,2023-10-12,852,F,41,Clothing,1,300.0,300.0
853,2023-05-04,853,M,21,Beauty,2,500.0,1000.0
854,2023-12-20,854,M,29,Clothing,1,50.0,50.0
855,2023-09-01,855,M,54,Beauty,1,25.0,25.0
856,2023-11-27,856,M,54,Electronics,4,30.0,120.0
857,2023-12-31,857,M,60,Electronics,2,25.0,50.0
858,2023-09-09,858,M,23,Electronics,2,50.0,100.0
859,2023-08-18,859,F,56,Electronics,3,500.0,1500.0
860,2023-01-09,860,M,63,Clothing,4,50.0,200.0
861,2023-02-17,861,F,41,Clothing,3,30.0,90.0
862,2023-05-31,862,M,28,Electronics,4,300.0,1200.0
863,2023-04-24,863,F,30,Electronics,2,25.0,50.0
864,2023-07-27,864,F,51,Electronics,1,500.0,500.0
865,2023-12-21,865,F,42,Clothing,1,300.0,300.0
866,2023-05-05,866,M,24,Electronics,1,50.0,50.0
867,2023-06-06,867,M,21,Electronics,1,500.0,500.0
868,2023-12-06,868,F,25,Electronics,1,300.0,300.0
869,2023-10-25,869,M,37,Beauty,3,500.0,1500.0
870,2023-07-08,870,F,46,Electronics,4,30.0,120.0
871,2023-08-31,871,M,62,Beauty,2,30.0,60.0
872,2023-10-11,872,F,63,Beauty,3,25.0,75.0
873,2023-09-29,873,F,27,Electronics,4,25.0,100.0
874,2023-06-26,874,M,60,Beauty,1,30.0,30.0
875,2023-08-06,875,F,51,Electronics,4,500.0,2000.0
876,2023-10-09,876,M,43,Clothing,4,30.0,120.0
877,2023-06-19,877,F,58,Clothing,1,25.0,25.0
878,2023-06-30,878,F,20,Clothing,1,30.0,30.0
879,2023-12-26,879,M,23,Clothing,1,30.0,30.0
880,2023-08-21,880,M,22,Beauty,2,500.0,1000.0
881,2023-05-19,881,M,22,Electronics,1,300.0,300.0
882,2023-06-06,882,F,64,Electronics,2,25.0,50.0
883,2023-05-09,883,M,40,Electronics,1,500.0,500.0
884,2023-04-29,884,F,26,Clothing,2,30.0,60.0
885,2023-03-03,885,F,52,Clothing,4,30.0,120.0
886,2023-04-09,886,M,37,Electronics,3,300.0,900.0
887,2023-06-11,887,M,59,Clothing,4,25.0,100.0
888,2023-03-03,888,F,52,Electronics,4,25.0,100.0
889,2023-10-02,889,F,35,Electronics,1,50.0,50.0
890,2023-12-20,890,M,34,Electronics,2,25.0,50.0
891,2023-04-05,891,M,41,Electronics,3,300.0,900.0
892,2023-04-09,892,M,20,Electronics,1,50.0,50.0
893,2023-04-21,893,M,49,Electronics,1,50.0,50.0
894,2023-09-05,894,M,52,Electronics,1,30.0,30.0
895,2023-05-22,895,F,55,Clothing,4,30.0,120.0
896,2023-10-29,896,F,30,Electronics,2,25.0,50.0
897,2023-09-26,897,F,64,Electronics,2,50.0,100.0
898,2023-11-02,898,F,42,Clothing,3,30.0,90.0
899,2023-05-25,899,M,26,Clothing,2,300.0,600.0
900,2023-02-21,900,M,21,Clothing,2,30.0,60.0
901,2023-04-10,901,M,31,Electronics,1,30.0,30.0
902,2023-06-01,902,F,54,Beauty,1,50.0,50.0
903,2023-04-27,903,F,51,Beauty,4,50.0,200.0
904,2023-07-04,904,M,28,Clothing,1,500.0,500.0
905,2023-04-02,905,M,58,Beauty,1,300.0,300.0
906,2023-06-04,906,F,20,Clothing,1,50.0,50.0
907,2023-01-08,907,F,45,Electronics,1,25.0,25.0
908,2023-12-29,908,M,46,Beauty,4,300.0,1200.0
909,2023-10-01,909,M,26,Electronics,1,300.0,300.0
910,2023-03-06,910,F,20,Beauty,3,50.0,150.0
911,2023-05-21,911,M,42,Electronics,3,300.0,900.0
912,2023-01-24,912,M,51,Beauty,3,50.0,150.0
913,2023-01-28,913,M,29,Electronics,3,30.0,90.0
914,2023-10-11,914,F,59,Electronics,1,500.0,500.0
915,2023-05-30,915,F,26,Beauty,3,30.0,90.0
916,2023-12-24,916,F,32,Electronics,1,50.0,50.0
917,2023-03-06,917,F,57,Electronics,4,50.0,200.0
918,2023-11-23,918,F,42,Electronics,3,30.0,90.0
919,2023-09-09,919,F,22,Beauty,2,25.0,50.0
920,2023-02-22,920,F,28,Beauty,3,25.0,75.0
921,2023-01-07,921,M,51,Electronics,3,25.0,75.0
922,2023-10-21,922,M,41,Electronics,1,50.0,50.0
923,2023-05-26,923,M,32,Beauty,3,300.0,900.0
924,2023-08-29,924,M,55,Beauty,2,50.0,100.0
925,2023-09-03,925,M,25,Electronics,1,300.0,300.0
926,2023-08-14,926,M,22,Electronics,1,30.0,30.0
927,2023-06-24,927,M,43,Electronics,4,500.0,2000.0
928,2023-04-05,928,F,35,Clothing,4,300.0,1200.0
929,2023-01-27,929,F,23,Beauty,3,25.0,75.0
930,2023-05-10,930,M,54,Clothing,4,50.0,200.0
931,2023-09-02,931,M,30,Beauty,4,30.0,120.0
932,2023-02-28,932,F,45,Beauty,4,25.0,100.0
933,2023-02-03,933,M,22,Beauty,1,30.0,30.0
934,2023-07-25,934,M,30,Beauty,1,500.0,500.0
935,2023-09-09,935,F,34,Beauty,1,50.0,50.0
936,2023-02-07,936,M,57,Beauty,4,50.0,200.0
937,2023-10-23,937,F,62,Beauty,1,500.0,500.0
938,2023-11-19,938,M,49,Clothing,4,50.0,200.0
939,2023-12-18,939,F,46,Electronics,1,300.0,300.0
940,2023-01-28,940,F,20,Electronics,1,30.0,30.0
941,2023-03-19,941,F,57,Clothing,2,25.0,50.0
942,2023-03-18,942,M,51,Clothing,3,500.0,1500.0
943,2023-10-16,943,F,57,Clothing,4,300.0,1200.0
944,2023-06-05,944,M,44,Clothing,2,25.0,50.0
945,2023-02-13,945,M,30,Beauty,1,25.0,25.0
946,2023-05-08,946,M,62,Electronics,4,500.0,2000.0
947,2023-03-02,947,M,50,Beauty,1,300.0,300.0
948,2023-10-13,948,F,23,Electronics,3,25.0,75.0
949,2023-08-02,949,F,41,Electronics,2,25.0,50.0
950,2023-11-07,950,M,36,Clothing,3,300.0,900.0
951,2023-11-02,951,M,33,Beauty,2,50.0,100.0
952,2023-11-13,952,F,57,Clothing,1,25.0,25.0
953,2023-04-26,953,M,45,Beauty,3,30.0,90.0
954,2023-09-25,954,F,50,Electronics,3,300.0,900.0
955,2023-07-14,955,M,58,Clothing,1,25.0,25.0
956,2023-08-19,956,M,30,Clothing,3,500.0,1500.0
957,2023-08-15,957,F,60,Electronics,4,30.0,120.0
958,2023-06-02,958,M,62,Electronics,2,25.0,50.0
959,2023-10-29,959,F,42,Electronics,2,30.0,60.0
960,2023-08-08,960,M,59,Clothing,2,30.0,60.0
961,2023-06-06,961,M,53,Beauty,4,50.0,200.0
962,2023-10-19,962,M,44,Clothing,2,30.0,60.0
963,2023-11-14,963,F,55,Beauty,1,50.0,50.0
964,2023-01-31,964,M,24,Clothing,3,300.0,900.0
965,2023-11-09,965,M,22,Clothing,4,50.0,200.0
966,2023-02-20,966,M,60,Electronics,2,500.0,1000.0
967,2023-04-17,967,M,62,Beauty,1,25.0,25.0
968,2023-11-17,968,F,48,Clothing,3,300.0,900.0
969,2023-04-19,969,F,40,Clothing,3,300.0,900.0
970,2023-05-16,970,M,59,Electronics,4,500.0,2000.0
971,2023-12-05,971,F,27,Electronics,4,50.0,200.0
972,2023-02-11,972,M,49,Beauty,4,25.0,100.0
973,2023-03-22,973,M,60,Clothing,1,50.0,50.0
974,2023-05-03,974,M,47,Beauty,1,30.0,30.0
975,2023-03-30,975,F,56,Clothing,4,50.0,200.0
976,2023-10-10,976,F,48,Beauty,2,300.0,600.0
977,2023-02-08,977,F,35,Electronics,3,25.0,75.0
978,2023-03-22,978,F,53,Clothing,3,50.0,150.0
979,2023-01-02,979,F,19,Beauty,1,25.0,25.0
980,2023-07-29,980,F,31,Electronics,3,25.0,75.0
981,2023-08-19,981,F,30,Electronics,2,30.0,60.0
982,2023-12-19,982,F,46,Beauty,3,30.0,90.0
983,2023-11-01,983,F,29,Clothing,1,300.0,300.0
984,2023-08-29,984,M,56,Clothing,1,500.0,500.0
985,2023-05-30,985,F,19,Electronics,2,25.0,50.0
986,2023-01-17,986,F,49,Clothing,2,500.0,1000.0
987,2023-04-29,987,F,30,Clothing,3,300.0,900.0
988,2023-05-28,988,F,63,Clothing,3,25.0,75.0
989,2023-12-28,989,F,44,Electronics,1,25.0,25.0
990,2023-05-25,990,F,58,Beauty,2,500.0,1000.0
991,2023-12-26,991,F,34,Clothing,2,50.0,100.0
992,2023-08-21,992,F,57,Electronics,2,30.0,60.0
993,2023-02-06,993,F,48,Electronics,3,50.0,150.0
994,2023-12-18,994,F,51,Beauty,2,500.0,1000.0
995,2023-04-30,995,F,41,Clothing,1,30.0,30.0
996,2023-05-16,996,M,62,Clothing,1,50.0,50.0
997,2023-11-17,997,M,52,Beauty,3,30.0,90.0
998,2023-10-29,998,F,23,Beauty,4,25.0,100.0
999,2023-12-05,999,F,36,Electronics,3,50.0,150.0
1000,2023-04-12,1000,M,47,Electronics,4,30.0,120.0
